DROP TABLE IF EXISTS T_CITY;
DROP TABLE IF EXISTS T_PRVC;
 
##全国省表
CREATE TABLE T_PRVC (
  PRVC_CD varchar(3) NOT NULL COMMENT '省编号',
  DISP_NM varchar(30) NOT NULL COMMENT '省名称',
  CD_DESC varchar(30) COMMENT '代号描述',
  DISP_SEQ_NBR int NOT NULL COMMENT '显示序号',
  ACTV_FLG varchar(1) NOT NULL COMMENT '是否可用',
  CR_BY varchar(10) COMMENT '创建人',
  CR_DTTM date COMMENT '创建时间',
  LST_UPD_BY varchar(10) COMMENT '最近更新人',
  LST_UPD_DTTM date COMMENT '最近更新时间',
  LST_TX_ACTN varchar(1) COMMENT '最近执行操作',
  PRIMARY KEY (PRVC_CD)
) ENGINE=InnoDB DEFAULT CHARSET=utf8;

##全国地级市表
CREATE TABLE T_CITY (
  CITY_CD varchar(3) NOT NULL COMMENT '市编号',
  PRVC_CD varchar(3) NOT NULL COMMENT '省编号',
  DISP_NM varchar(30) NOT NULL COMMENT '地级市名称',
  CD_DESC varchar(30) COMMENT '代号描述',
  DISP_SEQ_NBR int COMMENT '显示序号',
  ACTV_FLG varchar(1) NOT NULL COMMENT '是否可用',
  CR_BY varchar(10) COMMENT '创建人',
  CR_DTTM date COMMENT '创建时间',
  LST_UPD_BY varchar(10) COMMENT '最近更新人',
  LST_UPD_DTTM date COMMENT '最近更新时间',
  LST_TX_ACTN varchar(1) COMMENT '最近执行操作',
  PRIMARY KEY (CITY_CD),
  CONSTRAINT T_CITY_PRVC_FK FOREIGN KEY (PRVC_CD) REFERENCES T_PRVC(PRVC_CD)
) ENGINE=InnoDB DEFAULT CHARSET=utf8;

INSERT INTO T_PRVC VALUES ('001', '北京' , '北京市' , 1 , 'Y' , '2012072401', '2012-07-25', '2012072401', '2012-07-25', 'I');
INSERT INTO T_PRVC VALUES ('002', '天津', '天津市', 2 , 'Y' , '2012072401', '2012-07-25', '2012072401', '2012-07-25', 'I');
INSERT INTO T_PRVC VALUES ('003', '河北省', '河北省', 3 , 'Y' , '2012072401', '2012-07-25', '2012072401', '2012-07-25', 'I');
INSERT INTO T_PRVC VALUES ('004', '山西省', '山西省', 4 , 'Y' , '2012072401', '2012-07-25', '2012072401', '2012-07-25', 'I');
INSERT INTO T_PRVC VALUES ('005', '内蒙古自治区', '内蒙古自治区', 5 , 'Y' , '2012072401', '2012-07-25', '2012072401', '2012-07-25', 'I');
INSERT INTO T_PRVC VALUES ('006', '辽宁省', '辽宁省', 6 , 'Y' , '2012072401', '2012-07-25', '2012072401', '2012-07-25', 'I');
INSERT INTO T_PRVC VALUES ('007', '吉林省', '吉林省', 7 , 'Y' , '2012072401', '2012-07-25', '2012072401', '2012-07-25', 'I');
INSERT INTO T_PRVC VALUES ('008', '黑龙江省', '黑龙江省', 8 , 'Y' , '2012072401', '2012-07-25', '2012072401', '2012-07-25', 'I');
INSERT INTO T_PRVC VALUES ('009', '上海市', '上海市', 9 , 'Y' , '2012072401', '2012-07-25', '2012072401', '2012-07-25', 'I');
INSERT INTO T_PRVC VALUES ('010', '江苏省', '江苏省', 10 , 'Y' , '2012072401', '2012-07-25', '2012072401', '2012-07-25', 'I');
INSERT INTO T_PRVC VALUES ('011', '浙江省', '浙江省', 11 , 'Y' , '2012072401', '2012-07-25', '2012072401', '2012-07-25', 'I');
INSERT INTO T_PRVC VALUES ('012', '安徽省', '安徽省', 12 , 'Y' , '2012072401', '2012-07-25', '2012072401', '2012-07-25', 'I');
INSERT INTO T_PRVC VALUES ('013', '福建省', '福建省', 13 , 'Y' , '2012072401', '2012-07-25', '2012072401', '2012-07-25', 'I');
INSERT INTO T_PRVC VALUES ('014', '江西省', '江西省', 14 , 'Y' , '2012072401', '2012-07-25', '2012072401', '2012-07-25', 'I');
INSERT INTO T_PRVC VALUES ('015', '山东省', '山东省', 15 , 'Y' , '2012072401', '2012-07-25', '2012072401', '2012-07-25', 'I');
INSERT INTO T_PRVC VALUES ('016', '河南省', '河南省', 16 , 'Y' , '2012072401', '2012-07-25', '2012072401', '2012-07-25', 'I');
INSERT INTO T_PRVC VALUES ('017', '湖北省', '湖北省', 17 , 'Y' , '2012072401', '2012-07-25', '2012072401', '2012-07-25', 'I');
INSERT INTO T_PRVC VALUES ('018', '湖南省', '湖南省', 18 , 'Y' , '2012072401', '2012-07-25', '2012072401', '2012-07-25', 'I');
INSERT INTO T_PRVC VALUES ('019', '广东省', '广东省', 19 , 'Y' , '2012072401', '2012-07-25', '2012072401', '2012-07-25', 'I');
INSERT INTO T_PRVC VALUES ('020', '广西壮族自治区', '广西壮族自治区', 20 , 'Y' , '2012072401', '2012-07-25', '2012072401', '2012-07-25', 'I');
INSERT INTO T_PRVC VALUES ('021', '海南省', '海南省', 21 , 'Y' , '2012072401', '2012-07-25', '2012072401', '2012-07-25', 'I');
INSERT INTO T_PRVC VALUES ('022', '重庆', '重庆市', 22 , 'Y' , '2012072401', '2012-07-25', '2012072401', '2012-07-25', 'I');
INSERT INTO T_PRVC VALUES ('023', '四川省', '四川省', 23 , 'Y' , '2012072401', '2012-07-25', '2012072401', '2012-07-25', 'I');
INSERT INTO T_PRVC VALUES ('024', '贵州省', '贵州省', 24 , 'Y' , '2012072401', '2012-07-25', '2012072401', '2012-07-25', 'I');
INSERT INTO T_PRVC VALUES ('025', '云南省', '云南省', 25 , 'Y' , '2012072401', '2012-07-25', '2012072401', '2012-07-25', 'I');
INSERT INTO T_PRVC VALUES ('026', '西藏自治区', '西藏自治区', 26 , 'Y' , '2012072401', '2012-07-25', '2012072401', '2012-07-25', 'I');
INSERT INTO T_PRVC VALUES ('027', '陕西省', '陕西省', 27 , 'Y' , '2012072401', '2012-07-25', '2012072401', '2012-07-25', 'I');
INSERT INTO T_PRVC VALUES ('028', '甘肃省', '甘肃省', 28 , 'Y' , '2012072401', '2012-07-25', '2012072401', '2012-07-25', 'I');
INSERT INTO T_PRVC VALUES ('029', '青海省', '青海省', 29 , 'Y' , '2012072401', '2012-07-25', '2012072401', '2012-07-25', 'I');
INSERT INTO T_PRVC VALUES ('030', '宁夏回族自治区', '宁夏回族自治区', 30 , 'Y' , '2012072401', '2012-07-25', '2012072401', '2012-07-25', 'I');
INSERT INTO T_PRVC VALUES ('031', '新疆维吾尔自治区', '新疆维吾尔自治区', 31 , 'Y' , '2012072401', '2012-07-25', '2012072401', '2012-07-25', 'I');
INSERT INTO T_PRVC VALUES ('032', '台湾省', '台湾省', 32 , 'Y' , '2012072401', '2012-07-25', '2012072401', '2012-07-25', 'I');
INSERT INTO T_PRVC VALUES ('033', '香港特别行政区', '香港特别行政区', 33 , 'Y' , '2012072401', '2012-07-25', '2012072401', '2012-07-25', 'I');
INSERT INTO T_PRVC VALUES ('034', '澳门特别行政区', '澳门特别行政区', 34 , 'Y' , '2012072401', '2012-07-25', '2012072401', '2012-07-25', 'I');
INSERT INTO T_PRVC VALUES ('035', '海外', '海外', 35 , 'Y' , '2012072401', '2012-07-25', '2012072401', '2012-07-25', 'I');

INSERT INTO T_CITY VALUES ('001', '001' , '北京市' , '北京市' , 1 , 'Y' , '2012072401', '2012-07-25', '2012072401', '2012-07-25', 'I');

INSERT INTO T_CITY VALUES ('002', '002' , '天津市' , '天津市' , 1 , 'Y' , '2012072401', '2012-07-25', '2012072401', '2012-07-25', 'I');

INSERT INTO T_CITY VALUES ('003', '003' , '石家庄市' , '石家庄市' , 1 , 'Y' , '2012072401', '2012-07-25', '2012072401', '2012-07-25', 'I');
INSERT INTO T_CITY VALUES ('004', '003' , '唐山市' , '唐山市' , 2 , 'Y' , '2012072401', '2012-07-25', '2012072401', '2012-07-25', 'I');
INSERT INTO T_CITY VALUES ('005', '003' , '秦皇岛市' , '秦皇岛市' , 3 , 'Y' , '2012072401', '2012-07-25', '2012072401', '2012-07-25', 'I');
INSERT INTO T_CITY VALUES ('006', '003' , '邯郸市' , '邯郸市' , 4 , 'Y' , '2012072401', '2012-07-25', '2012072401', '2012-07-25', 'I');
INSERT INTO T_CITY VALUES ('007', '003' , '邢台市' , '邢台市' , 5 , 'Y' , '2012072401', '2012-07-25', '2012072401', '2012-07-25', 'I');
INSERT INTO T_CITY VALUES ('008', '003' , '保定市' , '保定市' , 6 , 'Y' , '2012072401', '2012-07-25', '2012072401', '2012-07-25', 'I');
INSERT INTO T_CITY VALUES ('009', '003' , '张家口市' , '张家口市' , 7 , 'Y' , '2012072401', '2012-07-25', '2012072401', '2012-07-25', 'I');
INSERT INTO T_CITY VALUES ('010', '003' , '承德市' , '承德市' , 8 , 'Y' , '2012072401', '2012-07-25', '2012072401', '2012-07-25', 'I');
INSERT INTO T_CITY VALUES ('011', '003' , '沧州市' , '沧州市' , 9 , 'Y' , '2012072401', '2012-07-25', '2012072401', '2012-07-25', 'I');
INSERT INTO T_CITY VALUES ('012', '003' , '廊坊市' , '廊坊市' , 10 , 'Y' , '2012072401', '2012-07-25', '2012072401', '2012-07-25', 'I');
INSERT INTO T_CITY VALUES ('013', '003' , '衡水市' , '衡水市' , 11 , 'Y' , '2012072401', '2012-07-25', '2012072401', '2012-07-25', 'I');

INSERT INTO T_CITY VALUES ('014', '004' , '太原市' , '太原市' , 1 , 'Y' , '2012072401', '2012-07-25', '2012072401', '2012-07-25', 'I');
INSERT INTO T_CITY VALUES ('015', '004' , '大同市' , '大同市' , 2 , 'Y' , '2012072401', '2012-07-25', '2012072401', '2012-07-25', 'I');
INSERT INTO T_CITY VALUES ('016', '004' , '阳泉市' , '阳泉市' , 3 , 'Y' , '2012072401', '2012-07-25', '2012072401', '2012-07-25', 'I');
INSERT INTO T_CITY VALUES ('017', '004' , '长治市' , '长治市' , 4 , 'Y' , '2012072401', '2012-07-25', '2012072401', '2012-07-25', 'I');
INSERT INTO T_CITY VALUES ('018', '004' , '晋城市' , '晋城市' , 5 , 'Y' , '2012072401', '2012-07-25', '2012072401', '2012-07-25', 'I');
INSERT INTO T_CITY VALUES ('019', '004' , '朔州市' , '朔州市' , 6 , 'Y' , '2012072401', '2012-07-25', '2012072401', '2012-07-25', 'I');
INSERT INTO T_CITY VALUES ('020', '004' , '晋中市' , '晋中市' , 7 , 'Y' , '2012072401', '2012-07-25', '2012072401', '2012-07-25', 'I');
INSERT INTO T_CITY VALUES ('021', '004' , '运城市' , '运城市' , 8 , 'Y' , '2012072401', '2012-07-25', '2012072401', '2012-07-25', 'I');
INSERT INTO T_CITY VALUES ('022', '004' , '忻州市' , '忻州市' , 9 , 'Y' , '2012072401', '2012-07-25', '2012072401', '2012-07-25', 'I');
INSERT INTO T_CITY VALUES ('023', '004' , '临汾市' , '临汾市' , 10 , 'Y' , '2012072401', '2012-07-25', '2012072401', '2012-07-25', 'I');
INSERT INTO T_CITY VALUES ('024', '004' , '吕梁市' , '吕梁市' , 11 , 'Y' , '2012072401', '2012-07-25', '2012072401', '2012-07-25', 'I');

INSERT INTO T_CITY VALUES ('025', '005' , '呼和浩特市' , '呼和浩特市' , 1 , 'Y' , '2012072401', '2012-07-25', '2012072401', '2012-07-25', 'I');
INSERT INTO T_CITY VALUES ('026', '005' , '包头市' , '包头市' , 2 , 'Y' , '2012072401', '2012-07-25', '2012072401', '2012-07-25', 'I');
INSERT INTO T_CITY VALUES ('027', '005' , '乌海市' , '乌海市' , 3 , 'Y' , '2012072401', '2012-07-25', '2012072401', '2012-07-25', 'I');
INSERT INTO T_CITY VALUES ('028', '005' , '赤峰市' , '赤峰市' , 4 , 'Y' , '2012072401', '2012-07-25', '2012072401', '2012-07-25', 'I');
INSERT INTO T_CITY VALUES ('029', '005' , '通辽市' , '通辽市' , 5 , 'Y' , '2012072401', '2012-07-25', '2012072401', '2012-07-25', 'I');
INSERT INTO T_CITY VALUES ('030', '005' , '鄂尔多斯市' , '鄂尔多斯市' , 6 , 'Y' , '2012072401', '2012-07-25', '2012072401', '2012-07-25', 'I');
INSERT INTO T_CITY VALUES ('031', '005' , '呼伦贝尔市' , '呼伦贝尔市' , 7 , 'Y' , '2012072401', '2012-07-25', '2012072401', '2012-07-25', 'I');
INSERT INTO T_CITY VALUES ('032', '005' , '巴彦淖尔市' , '巴彦淖尔市' , 8 , 'Y' , '2012072401', '2012-07-25', '2012072401', '2012-07-25', 'I');
INSERT INTO T_CITY VALUES ('033', '005' , '乌兰察布市' , '乌兰察布市' , 9 , 'Y' , '2012072401', '2012-07-25', '2012072401', '2012-07-25', 'I');
INSERT INTO T_CITY VALUES ('034', '005' , '兴安盟市' , '兴安盟市' , 10 , 'Y' , '2012072401', '2012-07-25', '2012072401', '2012-07-25', 'I');
INSERT INTO T_CITY VALUES ('035', '005' , '锡林郭勒盟市' , '锡林郭勒盟市' , 11 , 'Y' , '2012072401', '2012-07-25', '2012072401', '2012-07-25', 'I');
INSERT INTO T_CITY VALUES ('036', '005' , '阿拉善盟市' , '阿拉善盟市' , 12 , 'Y' , '2012072401', '2012-07-25', '2012072401', '2012-07-25', 'I');

INSERT INTO T_CITY VALUES ('037', '006' , '沈阳市' , '沈阳市' , 1 , 'Y' , '2012072401', '2012-07-25', '2012072401', '2012-07-25', 'I');
INSERT INTO T_CITY VALUES ('038', '006' , '大连市' , '大连市' , 2 , 'Y' , '2012072401', '2012-07-25', '2012072401', '2012-07-25', 'I');
INSERT INTO T_CITY VALUES ('039', '006' , '鞍山市' , '鞍山市' , 3 , 'Y' , '2012072401', '2012-07-25', '2012072401', '2012-07-25', 'I');
INSERT INTO T_CITY VALUES ('040', '006' , '抚顺市' , '抚顺市' , 4 , 'Y' , '2012072401', '2012-07-25', '2012072401', '2012-07-25', 'I');
INSERT INTO T_CITY VALUES ('041', '006' , '本溪市' , '本溪市' , 5 , 'Y' , '2012072401', '2012-07-25', '2012072401', '2012-07-25', 'I');
INSERT INTO T_CITY VALUES ('042', '006' , '丹东市' , '丹东市' , 6 , 'Y' , '2012072401', '2012-07-25', '2012072401', '2012-07-25', 'I');
INSERT INTO T_CITY VALUES ('043', '006' , '锦州市' , '锦州市' , 7 , 'Y' , '2012072401', '2012-07-25', '2012072401', '2012-07-25', 'I');
INSERT INTO T_CITY VALUES ('044', '006' , '营口市' , '营口市' , 8 , 'Y' , '2012072401', '2012-07-25', '2012072401', '2012-07-25', 'I');
INSERT INTO T_CITY VALUES ('045', '006' , '阜新市' , '阜新市' , 9 , 'Y' , '2012072401', '2012-07-25', '2012072401', '2012-07-25', 'I');
INSERT INTO T_CITY VALUES ('046', '006' , '辽阳市' , '辽阳市' , 10 , 'Y' , '2012072401', '2012-07-25', '2012072401', '2012-07-25', 'I');
INSERT INTO T_CITY VALUES ('047', '006' , '盘锦市' , '盘锦市' , 11 , 'Y' , '2012072401', '2012-07-25', '2012072401', '2012-07-25', 'I');
INSERT INTO T_CITY VALUES ('048', '006' , '铁岭市' , '铁岭市' , 12 , 'Y' , '2012072401', '2012-07-25', '2012072401', '2012-07-25', 'I');
INSERT INTO T_CITY VALUES ('049', '006' , '朝阳市' , '朝阳市' , 13 , 'Y' , '2012072401', '2012-07-25', '2012072401', '2012-07-25', 'I');
INSERT INTO T_CITY VALUES ('050', '006' , '葫芦岛市' , '葫芦岛市' , 14 , 'Y' , '2012072401', '2012-07-25', '2012072401', '2012-07-25', 'I');

INSERT INTO T_CITY VALUES ('051', '007' , '长春市' , '长春市' , 1 , 'Y' , '2012072401', '2012-07-25', '2012072401', '2012-07-25', 'I');
INSERT INTO T_CITY VALUES ('052', '007' , '吉林市' , '吉林市' , 2 , 'Y' , '2012072401', '2012-07-25', '2012072401', '2012-07-25', 'I');
INSERT INTO T_CITY VALUES ('053', '007' , '四平市' , '四平市' , 3 , 'Y' , '2012072401', '2012-07-25', '2012072401', '2012-07-25', 'I');
INSERT INTO T_CITY VALUES ('054', '007' , '辽源市' , '辽源市' , 4 , 'Y' , '2012072401', '2012-07-25', '2012072401', '2012-07-25', 'I');
INSERT INTO T_CITY VALUES ('055', '007' , '通化市' , '通化市' , 5 , 'Y' , '2012072401', '2012-07-25', '2012072401', '2012-07-25', 'I');
INSERT INTO T_CITY VALUES ('056', '007' , '白山市' , '白山市' , 6 , 'Y' , '2012072401', '2012-07-25', '2012072401', '2012-07-25', 'I');
INSERT INTO T_CITY VALUES ('057', '007' , '松原市' , '松原市' , 7 , 'Y' , '2012072401', '2012-07-25', '2012072401', '2012-07-25', 'I');
INSERT INTO T_CITY VALUES ('058', '007' , '白城市' , '白城市' , 8 , 'Y' , '2012072401', '2012-07-25', '2012072401', '2012-07-25', 'I');
INSERT INTO T_CITY VALUES ('059', '007' , '延边朝鲜族自治州' , '延边朝鲜族自治州' , 9 , 'Y' , '2012072401', '2012-07-25', '2012072401', '2012-07-25', 'I');

INSERT INTO T_CITY VALUES ('060', '008' , '哈尔滨市' , '哈尔滨市' , 1 , 'Y' , '2012072401', '2012-07-25', '2012072401', '2012-07-25', 'I');
INSERT INTO T_CITY VALUES ('061', '008' , '齐齐哈尔市' , '齐齐哈尔市' , 2 , 'Y' , '2012072401', '2012-07-25', '2012072401', '2012-07-25', 'I');
INSERT INTO T_CITY VALUES ('062', '008' , '鸡西市' , '鸡西市' , 3 , 'Y' , '2012072401', '2012-07-25', '2012072401', '2012-07-25', 'I');
INSERT INTO T_CITY VALUES ('063', '008' , '鹤岗市' , '鹤岗市' , 4 , 'Y' , '2012072401', '2012-07-25', '2012072401', '2012-07-25', 'I');
INSERT INTO T_CITY VALUES ('064', '008' , '双鸭山市' , '双鸭山市' , 5 , 'Y' , '2012072401', '2012-07-25', '2012072401', '2012-07-25', 'I');
INSERT INTO T_CITY VALUES ('065', '008' , '大庆市' , '大庆市' , 6 , 'Y' , '2012072401', '2012-07-25', '2012072401', '2012-07-25', 'I');
INSERT INTO T_CITY VALUES ('066', '008' , '伊春市' , '伊春市' , 7 , 'Y' , '2012072401', '2012-07-25', '2012072401', '2012-07-25', 'I');
INSERT INTO T_CITY VALUES ('067', '008' , '佳木斯市' , '佳木斯市' , 8 , 'Y' , '2012072401', '2012-07-25', '2012072401', '2012-07-25', 'I');
INSERT INTO T_CITY VALUES ('068', '008' , '七台河市' , '七台河市' , 9 , 'Y' , '2012072401', '2012-07-25', '2012072401', '2012-07-25', 'I');
INSERT INTO T_CITY VALUES ('069', '008' , '牡丹江市' , '牡丹江市' , 10 , 'Y' , '2012072401', '2012-07-25', '2012072401', '2012-07-25', 'I');
INSERT INTO T_CITY VALUES ('070', '008' , '黑河市' , '黑河市' , 11 , 'Y' , '2012072401', '2012-07-25', '2012072401', '2012-07-25', 'I');
INSERT INTO T_CITY VALUES ('071', '008' , '绥化市' , '绥化市' , 12 , 'Y' , '2012072401', '2012-07-25', '2012072401', '2012-07-25', 'I');
INSERT INTO T_CITY VALUES ('072', '008' , '大兴安岭地区' , '大兴安岭地区' , 13 , 'Y' , '2012072401', '2012-07-25', '2012072401', '2012-07-25', 'I');

INSERT INTO T_CITY VALUES ('073', '009' , '上海市' , '上海市' , 1 , 'Y' , '2012072401', '2012-07-25', '2012072401', '2012-07-25', 'I');

INSERT INTO T_CITY VALUES ('074', '010' , '南京市' , '南京市' , 1 , 'Y' , '2012072401', '2012-07-25', '2012072401', '2012-07-25', 'I');
INSERT INTO T_CITY VALUES ('075', '010' , '无锡市' , '无锡市' , 2 , 'Y' , '2012072401', '2012-07-25', '2012072401', '2012-07-25', 'I');
INSERT INTO T_CITY VALUES ('076', '010' , '徐州市' , '徐州市' , 3 , 'Y' , '2012072401', '2012-07-25', '2012072401', '2012-07-25', 'I');
INSERT INTO T_CITY VALUES ('077', '010' , '常州市' , '常州市' , 4 , 'Y' , '2012072401', '2012-07-25', '2012072401', '2012-07-25', 'I');
INSERT INTO T_CITY VALUES ('078', '010' , '苏州市' , '苏州市' , 5 , 'Y' , '2012072401', '2012-07-25', '2012072401', '2012-07-25', 'I');
INSERT INTO T_CITY VALUES ('079', '010' , '南通市' , '南通市' , 6 , 'Y' , '2012072401', '2012-07-25', '2012072401', '2012-07-25', 'I');
INSERT INTO T_CITY VALUES ('080', '010' , '连云港市' , '连云港市' , 7 , 'Y' , '2012072401', '2012-07-25', '2012072401', '2012-07-25', 'I');
INSERT INTO T_CITY VALUES ('081', '010' , '淮安市' , '淮安市' , 8 , 'Y' , '2012072401', '2012-07-25', '2012072401', '2012-07-25', 'I');
INSERT INTO T_CITY VALUES ('082', '010' , '盐城市' , '盐城市' , 9 , 'Y' , '2012072401', '2012-07-25', '2012072401', '2012-07-25', 'I');
INSERT INTO T_CITY VALUES ('083', '010' , '扬州市' , '扬州市' , 10 , 'Y' , '2012072401', '2012-07-25', '2012072401', '2012-07-25', 'I');
INSERT INTO T_CITY VALUES ('084', '010' , '镇江市' , '镇江市' , 11 , 'Y' , '2012072401', '2012-07-25', '2012072401', '2012-07-25', 'I');
INSERT INTO T_CITY VALUES ('085', '010' , '泰州市' , '泰州市' , 12 , 'Y' , '2012072401', '2012-07-25', '2012072401', '2012-07-25', 'I');
INSERT INTO T_CITY VALUES ('086', '010' , '宿迁市' , '宿迁市' , 13 , 'Y' , '2012072401', '2012-07-25', '2012072401', '2012-07-25', 'I');

INSERT INTO T_CITY VALUES ('087', '011' , '杭州市' , '杭州市' , 1 , 'Y' , '2012072401', '2012-07-25', '2012072401', '2012-07-25', 'I');
INSERT INTO T_CITY VALUES ('088', '011' , '宁波市' , '宁波市' , 2 , 'Y' , '2012072401', '2012-07-25', '2012072401', '2012-07-25', 'I');
INSERT INTO T_CITY VALUES ('089', '011' , '温州市' , '温州市' , 3 , 'Y' , '2012072401', '2012-07-25', '2012072401', '2012-07-25', 'I');
INSERT INTO T_CITY VALUES ('090', '011' , '嘉兴市' , '嘉兴市' , 4 , 'Y' , '2012072401', '2012-07-25', '2012072401', '2012-07-25', 'I');
INSERT INTO T_CITY VALUES ('091', '011' , '湖州市' , '湖州市' , 5 , 'Y' , '2012072401', '2012-07-25', '2012072401', '2012-07-25', 'I');
INSERT INTO T_CITY VALUES ('092', '011' , '绍兴市' , '绍兴市' , 6 , 'Y' , '2012072401', '2012-07-25', '2012072401', '2012-07-25', 'I');
INSERT INTO T_CITY VALUES ('093', '011' , '金华市' , '金华市' , 7 , 'Y' , '2012072401', '2012-07-25', '2012072401', '2012-07-25', 'I');
INSERT INTO T_CITY VALUES ('094', '011' , '衢州市' , '衢州市' , 8 , 'Y' , '2012072401', '2012-07-25', '2012072401', '2012-07-25', 'I');
INSERT INTO T_CITY VALUES ('095', '011' , '舟山市' , '舟山市' , 9 , 'Y' , '2012072401', '2012-07-25', '2012072401', '2012-07-25', 'I');
INSERT INTO T_CITY VALUES ('096', '011' , '台州市' , '台州市' , 10 , 'Y' , '2012072401', '2012-07-25', '2012072401', '2012-07-25', 'I');
INSERT INTO T_CITY VALUES ('097', '011' , '丽水市' , '丽水市' , 11 , 'Y' , '2012072401', '2012-07-25', '2012072401', '2012-07-25', 'I');

INSERT INTO T_CITY VALUES ('098', '012' , '合肥市' , '合肥市' , 1 , 'Y' , '2012072401', '2012-07-25', '2012072401', '2012-07-25', 'I');
INSERT INTO T_CITY VALUES ('099', '012' , '芜湖市' , '芜湖市' , 2 , 'Y' , '2012072401', '2012-07-25', '2012072401', '2012-07-25', 'I');
INSERT INTO T_CITY VALUES ('100', '012' , '蚌埠市' , '蚌埠市' , 3 , 'Y' , '2012072401', '2012-07-25', '2012072401', '2012-07-25', 'I');
INSERT INTO T_CITY VALUES ('101', '012' , '淮南市' , '淮南市' , 4 , 'Y' , '2012072401', '2012-07-25', '2012072401', '2012-07-25', 'I');
INSERT INTO T_CITY VALUES ('102', '012' , '马鞍山市' , '马鞍山市' , 5 , 'Y' , '2012072401', '2012-07-25', '2012072401', '2012-07-25', 'I');
INSERT INTO T_CITY VALUES ('103', '012' , '淮北市' , '淮北市' , 6 , 'Y' , '2012072401', '2012-07-25', '2012072401', '2012-07-25', 'I');
INSERT INTO T_CITY VALUES ('104', '012' , '铜陵市' , '铜陵市' , 7 , 'Y' , '2012072401', '2012-07-25', '2012072401', '2012-07-25', 'I');
INSERT INTO T_CITY VALUES ('105', '012' , '安庆市' , '安庆市' , 8 , 'Y' , '2012072401', '2012-07-25', '2012072401', '2012-07-25', 'I');
INSERT INTO T_CITY VALUES ('106', '012' , '黄山市' , '黄山市' , 9 , 'Y' , '2012072401', '2012-07-25', '2012072401', '2012-07-25', 'I');
INSERT INTO T_CITY VALUES ('107', '012' , '滁州市' , '滁州市' , 10 , 'Y' , '2012072401', '2012-07-25', '2012072401', '2012-07-25', 'I');
INSERT INTO T_CITY VALUES ('108', '012' , '阜阳市' , '阜阳市' , 11 , 'Y' , '2012072401', '2012-07-25', '2012072401', '2012-07-25', 'I');
INSERT INTO T_CITY VALUES ('109', '012' , '宿州市' , '宿州市' , 12 , 'Y' , '2012072401', '2012-07-25', '2012072401', '2012-07-25', 'I');
INSERT INTO T_CITY VALUES ('110', '012' , '六安市' , '六安市' , 13 , 'Y' , '2012072401', '2012-07-25', '2012072401', '2012-07-25', 'I');
INSERT INTO T_CITY VALUES ('111', '012' , '毫州市' , '毫州市' , 14 , 'Y' , '2012072401', '2012-07-25', '2012072401', '2012-07-25', 'I');
INSERT INTO T_CITY VALUES ('112', '012' , '池州市' , '池州市' , 15 , 'Y' , '2012072401', '2012-07-25', '2012072401', '2012-07-25', 'I');
INSERT INTO T_CITY VALUES ('113', '012' , '宣城市' , '宣城市' , 16 , 'Y' , '2012072401', '2012-07-25', '2012072401', '2012-07-25', 'I');

INSERT INTO T_CITY VALUES ('114', '013' , '福州市' , '福州市' , 1 , 'Y' , '2012072401', '2012-07-25', '2012072401', '2012-07-25', 'I');
INSERT INTO T_CITY VALUES ('115', '013' , '厦门市' , '厦门市' , 2 , 'Y' , '2012072401', '2012-07-25', '2012072401', '2012-07-25', 'I');
INSERT INTO T_CITY VALUES ('116', '013' , '莆田市' , '莆田市' , 3 , 'Y' , '2012072401', '2012-07-25', '2012072401', '2012-07-25', 'I');
INSERT INTO T_CITY VALUES ('117', '013' , '三明市' , '三明市' , 4 , 'Y' , '2012072401', '2012-07-25', '2012072401', '2012-07-25', 'I');
INSERT INTO T_CITY VALUES ('118', '013' , '泉州市' , '泉州市' , 5 , 'Y' , '2012072401', '2012-07-25', '2012072401', '2012-07-25', 'I');
INSERT INTO T_CITY VALUES ('119', '013' , '漳州市' , '漳州市' , 6 , 'Y' , '2012072401', '2012-07-25', '2012072401', '2012-07-25', 'I');
INSERT INTO T_CITY VALUES ('120', '013' , '南平市' , '南平市' , 7 , 'Y' , '2012072401', '2012-07-25', '2012072401', '2012-07-25', 'I');
INSERT INTO T_CITY VALUES ('121', '013' , '龙岩市' , '龙岩市' , 8 , 'Y' , '2012072401', '2012-07-25', '2012072401', '2012-07-25', 'I');
INSERT INTO T_CITY VALUES ('122', '013' , '宁德市' , '宁德市' , 9 , 'Y' , '2012072401', '2012-07-25', '2012072401', '2012-07-25', 'I');

INSERT INTO T_CITY VALUES ('123', '014' , '南昌市' , '南昌市' , 1 , 'Y' , '2012072401', '2012-07-25', '2012072401', '2012-07-25', 'I');
INSERT INTO T_CITY VALUES ('124', '014' , '景德镇市' , '景德镇市' , 2 , 'Y' , '2012072401', '2012-07-25', '2012072401', '2012-07-25', 'I');
INSERT INTO T_CITY VALUES ('125', '014' , '萍乡市' , '萍乡市' , 3 , 'Y' , '2012072401', '2012-07-25', '2012072401', '2012-07-25', 'I');
INSERT INTO T_CITY VALUES ('126', '014' , '九江市' , '九江市' , 4 , 'Y' , '2012072401', '2012-07-25', '2012072401', '2012-07-25', 'I');
INSERT INTO T_CITY VALUES ('127', '014' , '新余市' , '新余市' , 5 , 'Y' , '2012072401', '2012-07-25', '2012072401', '2012-07-25', 'I');
INSERT INTO T_CITY VALUES ('128', '014' , '鹰潭市' , '鹰潭市' , 6 , 'Y' , '2012072401', '2012-07-25', '2012072401', '2012-07-25', 'I');
INSERT INTO T_CITY VALUES ('129', '014' , '赣州市' , '赣州市' , 7 , 'Y' , '2012072401', '2012-07-25', '2012072401', '2012-07-25', 'I');
INSERT INTO T_CITY VALUES ('130', '014' , '吉安市' , '吉安市' , 8 , 'Y' , '2012072401', '2012-07-25', '2012072401', '2012-07-25', 'I');
INSERT INTO T_CITY VALUES ('131', '014' , '宜春市' , '宜春市' , 9 , 'Y' , '2012072401', '2012-07-25', '2012072401', '2012-07-25', 'I');
INSERT INTO T_CITY VALUES ('132', '014' , '抚州市' , '抚州市' , 10 , 'Y' , '2012072401', '2012-07-25', '2012072401', '2012-07-25', 'I');
INSERT INTO T_CITY VALUES ('133', '014' , '上饶市' , '上饶市' , 11 , 'Y' , '2012072401', '2012-07-25', '2012072401', '2012-07-25', 'I');

INSERT INTO T_CITY VALUES ('134', '015' , '济南市' , '济南市' , 1 , 'Y' , '2012072401', '2012-07-25', '2012072401', '2012-07-25', 'I');
INSERT INTO T_CITY VALUES ('135', '015' , '青岛市' , '青岛市' , 2 , 'Y' , '2012072401', '2012-07-25', '2012072401', '2012-07-25', 'I');
INSERT INTO T_CITY VALUES ('136', '015' , '淄博市' , '淄博市' , 3 , 'Y' , '2012072401', '2012-07-25', '2012072401', '2012-07-25', 'I');
INSERT INTO T_CITY VALUES ('137', '015' , '枣庄市' , '枣庄市' , 4 , 'Y' , '2012072401', '2012-07-25', '2012072401', '2012-07-25', 'I');
INSERT INTO T_CITY VALUES ('138', '015' , '东营市' , '东营市' , 5 , 'Y' , '2012072401', '2012-07-25', '2012072401', '2012-07-25', 'I');
INSERT INTO T_CITY VALUES ('139', '015' , '烟台市' , '烟台市' , 6 , 'Y' , '2012072401', '2012-07-25', '2012072401', '2012-07-25', 'I');
INSERT INTO T_CITY VALUES ('140', '015' , '潍坊市' , '潍坊市' , 7 , 'Y' , '2012072401', '2012-07-25', '2012072401', '2012-07-25', 'I');
INSERT INTO T_CITY VALUES ('141', '015' , '济宁市' , '济宁市' , 8 , 'Y' , '2012072401', '2012-07-25', '2012072401', '2012-07-25', 'I');
INSERT INTO T_CITY VALUES ('142', '015' , '泰安市' , '泰安市' , 9 , 'Y' , '2012072401', '2012-07-25', '2012072401', '2012-07-25', 'I');
INSERT INTO T_CITY VALUES ('143', '015' , '威海市' , '威海市' , 10 , 'Y' , '2012072401', '2012-07-25', '2012072401', '2012-07-25', 'I');
INSERT INTO T_CITY VALUES ('144', '015' , '日照市' , '日照市' , 11 , 'Y' , '2012072401', '2012-07-25', '2012072401', '2012-07-25', 'I');
INSERT INTO T_CITY VALUES ('145', '015' , '莱芜市' , '莱芜市' , 12 , 'Y' , '2012072401', '2012-07-25', '2012072401', '2012-07-25', 'I');
INSERT INTO T_CITY VALUES ('146', '015' , '临沂市' , '临沂市' , 13 , 'Y' , '2012072401', '2012-07-25', '2012072401', '2012-07-25', 'I');
INSERT INTO T_CITY VALUES ('147', '015' , '德州市' , '德州市' , 14 , 'Y' , '2012072401', '2012-07-25', '2012072401', '2012-07-25', 'I');
INSERT INTO T_CITY VALUES ('148', '015' , '聊城市' , '聊城市' , 15 , 'Y' , '2012072401', '2012-07-25', '2012072401', '2012-07-25', 'I');
INSERT INTO T_CITY VALUES ('149', '015' , '滨州市' , '滨州市' , 16 , 'Y' , '2012072401', '2012-07-25', '2012072401', '2012-07-25', 'I');
INSERT INTO T_CITY VALUES ('150', '015' , '菏泽市' , '菏泽市' , 17 , 'Y' , '2012072401', '2012-07-25', '2012072401', '2012-07-25', 'I');

INSERT INTO T_CITY VALUES ('151', '016' , '郑州市' , '郑州市' , 1 , 'Y' , '2012072401', '2012-07-25', '2012072401', '2012-07-25', 'I');
INSERT INTO T_CITY VALUES ('152', '016' , '开封市' , '开封市' , 2 , 'Y' , '2012072401', '2012-07-25', '2012072401', '2012-07-25', 'I');
INSERT INTO T_CITY VALUES ('153', '016' , '洛阳市' , '洛阳市' , 3 , 'Y' , '2012072401', '2012-07-25', '2012072401', '2012-07-25', 'I');
INSERT INTO T_CITY VALUES ('154', '016' , '平顶山市' , '平顶山市' , 4 , 'Y' , '2012072401', '2012-07-25', '2012072401', '2012-07-25', 'I');
INSERT INTO T_CITY VALUES ('155', '016' , '安阳市' , '安阳市' , 5 , 'Y' , '2012072401', '2012-07-25', '2012072401', '2012-07-25', 'I');
INSERT INTO T_CITY VALUES ('156', '016' , '鹤壁市' , '鹤壁市' , 6 , 'Y' , '2012072401', '2012-07-25', '2012072401', '2012-07-25', 'I');
INSERT INTO T_CITY VALUES ('157', '016' , '新乡市' , '新乡市' , 7 , 'Y' , '2012072401', '2012-07-25', '2012072401', '2012-07-25', 'I');
INSERT INTO T_CITY VALUES ('158', '016' , '焦作市' , '焦作市' , 8 , 'Y' , '2012072401', '2012-07-25', '2012072401', '2012-07-25', 'I');
INSERT INTO T_CITY VALUES ('159', '016' , '济源市' , '济源市' , 9 , 'Y' , '2012072401', '2012-07-25', '2012072401', '2012-07-25', 'I');
INSERT INTO T_CITY VALUES ('160', '016' , '濮阳市' , '濮阳市' , 10 , 'Y' , '2012072401', '2012-07-25', '2012072401', '2012-07-25', 'I');
INSERT INTO T_CITY VALUES ('161', '016' , '许昌市' , '许昌市' , 11 , 'Y' , '2012072401', '2012-07-25', '2012072401', '2012-07-25', 'I');
INSERT INTO T_CITY VALUES ('162', '016' , '漯河市' , '漯河市' , 12 , 'Y' , '2012072401', '2012-07-25', '2012072401', '2012-07-25', 'I');
INSERT INTO T_CITY VALUES ('163', '016' , '三门峡市' , '三门峡市' , 13 , 'Y' , '2012072401', '2012-07-25', '2012072401', '2012-07-25', 'I');
INSERT INTO T_CITY VALUES ('164', '016' , '南阳市' , '南阳市' , 14 , 'Y' , '2012072401', '2012-07-25', '2012072401', '2012-07-25', 'I');
INSERT INTO T_CITY VALUES ('165', '016' , '商丘市' , '商丘市' , 15 , 'Y' , '2012072401', '2012-07-25', '2012072401', '2012-07-25', 'I');
INSERT INTO T_CITY VALUES ('166', '016' , '信阳市' , '信阳市' , 16 , 'Y' , '2012072401', '2012-07-25', '2012072401', '2012-07-25', 'I');
INSERT INTO T_CITY VALUES ('167', '016' , '周口市' , '周口市' , 17 , 'Y' , '2012072401', '2012-07-25', '2012072401', '2012-07-25', 'I');
INSERT INTO T_CITY VALUES ('168', '016' , '驻马店市' , '驻马店市' , 18 , 'Y' , '2012072401', '2012-07-25', '2012072401', '2012-07-25', 'I');

INSERT INTO T_CITY VALUES ('169', '017' , '武汉市' , '武汉市' , 1 , 'Y' , '2012072401', '2012-07-25', '2012072401', '2012-07-25', 'I');
INSERT INTO T_CITY VALUES ('170', '017' , '黄石市' , '黄石市' , 2 , 'Y' , '2012072401', '2012-07-25', '2012072401', '2012-07-25', 'I');
INSERT INTO T_CITY VALUES ('171', '017' , '十堰市' , '十堰市' , 3 , 'Y' , '2012072401', '2012-07-25', '2012072401', '2012-07-25', 'I');
INSERT INTO T_CITY VALUES ('172', '017' , '宜昌市' , '宜昌市' , 4 , 'Y' , '2012072401', '2012-07-25', '2012072401', '2012-07-25', 'I');
INSERT INTO T_CITY VALUES ('173', '017' , '襄阳市' , '襄阳市' , 5 , 'Y' , '2012072401', '2012-07-25', '2012072401', '2012-07-25', 'I');
INSERT INTO T_CITY VALUES ('174', '017' , '鄂州市' , '鄂州市' , 6 , 'Y' , '2012072401', '2012-07-25', '2012072401', '2012-07-25', 'I');
INSERT INTO T_CITY VALUES ('175', '017' , '荆门市' , '荆门市' , 7 , 'Y' , '2012072401', '2012-07-25', '2012072401', '2012-07-25', 'I');
INSERT INTO T_CITY VALUES ('176', '017' , '孝感市' , '孝感市' , 8 , 'Y' , '2012072401', '2012-07-25', '2012072401', '2012-07-25', 'I');
INSERT INTO T_CITY VALUES ('177', '017' , '荆州市' , '荆州市' , 9 , 'Y' , '2012072401', '2012-07-25', '2012072401', '2012-07-25', 'I');
INSERT INTO T_CITY VALUES ('178', '017' , '黄冈市' , '黄冈市' , 10 , 'Y' , '2012072401', '2012-07-25', '2012072401', '2012-07-25', 'I');
INSERT INTO T_CITY VALUES ('179', '017' , '咸宁市' , '咸宁市' , 11 , 'Y' , '2012072401', '2012-07-25', '2012072401', '2012-07-25', 'I');
INSERT INTO T_CITY VALUES ('180', '017' , '随州市' , '随州市' , 12 , 'Y' , '2012072401', '2012-07-25', '2012072401', '2012-07-25', 'I');
INSERT INTO T_CITY VALUES ('181', '017' , '恩施土家族苗族自治州' , '恩施土家族苗族自治州' , 13 , 'Y' , '2012072401', '2012-07-25', '2012072401', '2012-07-25', 'I');
INSERT INTO T_CITY VALUES ('182', '017' , '仙桃市' , '仙桃市' , 14 , 'Y' , '2012072401', '2012-07-25', '2012072401', '2012-07-25', 'I');
INSERT INTO T_CITY VALUES ('183', '017' , '潜江市' , '潜江市' , 15 , 'Y' , '2012072401', '2012-07-25', '2012072401', '2012-07-25', 'I');
INSERT INTO T_CITY VALUES ('184', '017' , '天门市' , '天门市' , 16 , 'Y' , '2012072401', '2012-07-25', '2012072401', '2012-07-25', 'I');
INSERT INTO T_CITY VALUES ('185', '017' , '神农架林区' , '神农架林区' , 17 , 'Y' , '2012072401', '2012-07-25', '2012072401', '2012-07-25', 'I');

INSERT INTO T_CITY VALUES ('186', '018' , '长沙市' , '长沙市' , 1 , 'Y' , '2012072401', '2012-07-25', '2012072401', '2012-07-25', 'I');
INSERT INTO T_CITY VALUES ('187', '018' , '株洲市' , '株洲市' , 2 , 'Y' , '2012072401', '2012-07-25', '2012072401', '2012-07-25', 'I');
INSERT INTO T_CITY VALUES ('188', '018' , '湘潭市' , '湘潭市' , 3 , 'Y' , '2012072401', '2012-07-25', '2012072401', '2012-07-25', 'I');
INSERT INTO T_CITY VALUES ('189', '018' , '衡阳市' , '衡阳市' , 4 , 'Y' , '2012072401', '2012-07-25', '2012072401', '2012-07-25', 'I');
INSERT INTO T_CITY VALUES ('190', '018' , '邵阳市' , '邵阳市' , 5 , 'Y' , '2012072401', '2012-07-25', '2012072401', '2012-07-25', 'I');
INSERT INTO T_CITY VALUES ('191', '018' , '岳阳市' , '岳阳市' , 6 , 'Y' , '2012072401', '2012-07-25', '2012072401', '2012-07-25', 'I');
INSERT INTO T_CITY VALUES ('192', '018' , '常德市' , '常德市' , 7 , 'Y' , '2012072401', '2012-07-25', '2012072401', '2012-07-25', 'I');
INSERT INTO T_CITY VALUES ('193', '018' , '张家界市' , '张家界市' , 8 , 'Y' , '2012072401', '2012-07-25', '2012072401', '2012-07-25', 'I');
INSERT INTO T_CITY VALUES ('194', '018' , '益阳市' , '益阳市' , 9 , 'Y' , '2012072401', '2012-07-25', '2012072401', '2012-07-25', 'I');
INSERT INTO T_CITY VALUES ('195', '018' , '郴州市' , '郴州市' , 10 , 'Y' , '2012072401', '2012-07-25', '2012072401', '2012-07-25', 'I');
INSERT INTO T_CITY VALUES ('196', '018' , '永州市' , '永州市' , 11 , 'Y' , '2012072401', '2012-07-25', '2012072401', '2012-07-25', 'I');
INSERT INTO T_CITY VALUES ('197', '018' , '怀化市' , '怀化市' , 12 , 'Y' , '2012072401', '2012-07-25', '2012072401', '2012-07-25', 'I');
INSERT INTO T_CITY VALUES ('198', '018' , '娄底市' , '娄底市' , 14 , 'Y' , '2012072401', '2012-07-25', '2012072401', '2012-07-25', 'I');
INSERT INTO T_CITY VALUES ('199', '018' , '湘西土家族苗族自治州' , '湘西土家族苗族自治州' , 15 , 'Y' , '2012072401', '2012-07-25', '2012072401', '2012-07-25', 'I');

INSERT INTO T_CITY VALUES ('200', '019' , '广州市' , '广州市' , 1 , 'Y' , '2012072401', '2012-07-25', '2012072401', '2012-07-25', 'I');
INSERT INTO T_CITY VALUES ('201', '019' , '韶关市' , '韶关市' , 2 , 'Y' , '2012072401', '2012-07-25', '2012072401', '2012-07-25', 'I');
INSERT INTO T_CITY VALUES ('202', '019' , '深圳市' , '深圳市' , 3 , 'Y' , '2012072401', '2012-07-25', '2012072401', '2012-07-25', 'I');
INSERT INTO T_CITY VALUES ('203', '019' , '珠海市' , '珠海市' , 4 , 'Y' , '2012072401', '2012-07-25', '2012072401', '2012-07-25', 'I');
INSERT INTO T_CITY VALUES ('204', '019' , '汕头市' , '汕头市' , 5 , 'Y' , '2012072401', '2012-07-25', '2012072401', '2012-07-25', 'I');
INSERT INTO T_CITY VALUES ('205', '019' , '佛山市' , '佛山市' , 6 , 'Y' , '2012072401', '2012-07-25', '2012072401', '2012-07-25', 'I');
INSERT INTO T_CITY VALUES ('206', '019' , '江门市' , '江门市' , 7 , 'Y' , '2012072401', '2012-07-25', '2012072401', '2012-07-25', 'I');
INSERT INTO T_CITY VALUES ('207', '019' , '湛江市' , '湛江市' , 8 , 'Y' , '2012072401', '2012-07-25', '2012072401', '2012-07-25', 'I');
INSERT INTO T_CITY VALUES ('208', '019' , '茂名市' , '茂名市' , 9 , 'Y' , '2012072401', '2012-07-25', '2012072401', '2012-07-25', 'I');
INSERT INTO T_CITY VALUES ('209', '019' , '肇庆市' , '肇庆市' , 10 , 'Y' , '2012072401', '2012-07-25', '2012072401', '2012-07-25', 'I');
INSERT INTO T_CITY VALUES ('210', '019' , '惠州市' , '惠州市' , 11 , 'Y' , '2012072401', '2012-07-25', '2012072401', '2012-07-25', 'I');
INSERT INTO T_CITY VALUES ('211', '019' , '梅州市' , '梅州市' , 12 , 'Y' , '2012072401', '2012-07-25', '2012072401', '2012-07-25', 'I');
INSERT INTO T_CITY VALUES ('212', '019' , '汕尾市' , '汕尾市' , 13 , 'Y' , '2012072401', '2012-07-25', '2012072401', '2012-07-25', 'I');
INSERT INTO T_CITY VALUES ('213', '019' , '河源市' , '河源市' , 14 , 'Y' , '2012072401', '2012-07-25', '2012072401', '2012-07-25', 'I');
INSERT INTO T_CITY VALUES ('214', '019' , '阳江市' , '阳江市' , 15 , 'Y' , '2012072401', '2012-07-25', '2012072401', '2012-07-25', 'I');
INSERT INTO T_CITY VALUES ('215', '019' , '清远市' , '清远市' , 16 , 'Y' , '2012072401', '2012-07-25', '2012072401', '2012-07-25', 'I');
INSERT INTO T_CITY VALUES ('216', '019' , '东莞市' , '东莞市' , 17 , 'Y' , '2012072401', '2012-07-25', '2012072401', '2012-07-25', 'I');
INSERT INTO T_CITY VALUES ('217', '019' , '中山市' , '中山市' , 18 , 'Y' , '2012072401', '2012-07-25', '2012072401', '2012-07-25', 'I');
INSERT INTO T_CITY VALUES ('218', '019' , '潮州市' , '潮州市' , 19 , 'Y' , '2012072401', '2012-07-25', '2012072401', '2012-07-25', 'I');
INSERT INTO T_CITY VALUES ('219', '019' , '揭阳市' , '揭阳市' , 20 , 'Y' , '2012072401', '2012-07-25', '2012072401', '2012-07-25', 'I');
INSERT INTO T_CITY VALUES ('220', '019' , '云浮市' , '云浮市' , 21 , 'Y' , '2012072401', '2012-07-25', '2012072401', '2012-07-25', 'I');

INSERT INTO T_CITY VALUES ('221', '020' , '南宁市' , '南宁市' , 1 , 'Y' , '2012072401', '2012-07-25', '2012072401', '2012-07-25', 'I');
INSERT INTO T_CITY VALUES ('222', '020' , '柳州市' , '柳州市' , 2 , 'Y' , '2012072401', '2012-07-25', '2012072401', '2012-07-25', 'I');
INSERT INTO T_CITY VALUES ('223', '020' , '桂林市' , '桂林市' , 3 , 'Y' , '2012072401', '2012-07-25', '2012072401', '2012-07-25', 'I');
INSERT INTO T_CITY VALUES ('224', '020' , '梧州市' , '梧州市' , 4 , 'Y' , '2012072401', '2012-07-25', '2012072401', '2012-07-25', 'I');
INSERT INTO T_CITY VALUES ('225', '020' , '北海市' , '北海市' , 5 , 'Y' , '2012072401', '2012-07-25', '2012072401', '2012-07-25', 'I');
INSERT INTO T_CITY VALUES ('226', '020' , '防城港市' , '防城港市' , 6 , 'Y' , '2012072401', '2012-07-25', '2012072401', '2012-07-25', 'I');
INSERT INTO T_CITY VALUES ('227', '020' , '钦州市' , '钦州市' , 7 , 'Y' , '2012072401', '2012-07-25', '2012072401', '2012-07-25', 'I');
INSERT INTO T_CITY VALUES ('228', '020' , '贵港市' , '贵港市' , 8 , 'Y' , '2012072401', '2012-07-25', '2012072401', '2012-07-25', 'I');
INSERT INTO T_CITY VALUES ('229', '020' , '玉林市' , '玉林市' , 9 , 'Y' , '2012072401', '2012-07-25', '2012072401', '2012-07-25', 'I');
INSERT INTO T_CITY VALUES ('230', '020' , '百色市' , '百色市' , 10 , 'Y' , '2012072401', '2012-07-25', '2012072401', '2012-07-25', 'I');
INSERT INTO T_CITY VALUES ('231', '020' , '贺州市' , '贺州市' , 11 , 'Y' , '2012072401', '2012-07-25', '2012072401', '2012-07-25', 'I');
INSERT INTO T_CITY VALUES ('232', '020' , '河池市' , '河池市' , 12 , 'Y' , '2012072401', '2012-07-25', '2012072401', '2012-07-25', 'I');
INSERT INTO T_CITY VALUES ('233', '020' , '来宾市' , '来宾市' , 13 , 'Y' , '2012072401', '2012-07-25', '2012072401', '2012-07-25', 'I');
INSERT INTO T_CITY VALUES ('234', '020' , '崇左市' , '崇左市' , 14 , 'Y' , '2012072401', '2012-07-25', '2012072401', '2012-07-25', 'I');

INSERT INTO T_CITY VALUES ('235', '021' , '海口市' , '海口市' , 1 , 'Y' , '2012072401', '2012-07-25', '2012072401', '2012-07-25', 'I');
INSERT INTO T_CITY VALUES ('236', '021' , '三亚市' , '三亚市' , 2 , 'Y' , '2012072401', '2012-07-25', '2012072401', '2012-07-25', 'I');
INSERT INTO T_CITY VALUES ('237', '021' , '五指山市' , '五指山市' , 3 , 'Y' , '2012072401', '2012-07-25', '2012072401', '2012-07-25', 'I');
INSERT INTO T_CITY VALUES ('238', '021' , '琼海市' , '琼海市' , 4 , 'Y' , '2012072401', '2012-07-25', '2012072401', '2012-07-25', 'I');
INSERT INTO T_CITY VALUES ('239', '021' , '儋州市' , '儋州市' , 5 , 'Y' , '2012072401', '2012-07-25', '2012072401', '2012-07-25', 'I');
INSERT INTO T_CITY VALUES ('240', '021' , '文昌市' , '文昌市' , 6 , 'Y' , '2012072401', '2012-07-25', '2012072401', '2012-07-25', 'I');
INSERT INTO T_CITY VALUES ('241', '021' , '万宁市' , '万宁市' , 7 , 'Y' , '2012072401', '2012-07-25', '2012072401', '2012-07-25', 'I');
INSERT INTO T_CITY VALUES ('242', '021' , '东方市' , '东方市' , 8 , 'Y' , '2012072401', '2012-07-25', '2012072401', '2012-07-25', 'I');
INSERT INTO T_CITY VALUES ('243', '021' , '定安县' , '定安县' , 9 , 'Y' , '2012072401', '2012-07-25', '2012072401', '2012-07-25', 'I');
INSERT INTO T_CITY VALUES ('244', '021' , '屯昌县' , '屯昌县' , 10 , 'Y' , '2012072401', '2012-07-25', '2012072401', '2012-07-25', 'I');
INSERT INTO T_CITY VALUES ('245', '021' , '澄迈县' , '澄迈县' , 11 , 'Y' , '2012072401', '2012-07-25', '2012072401', '2012-07-25', 'I');
INSERT INTO T_CITY VALUES ('246', '021' , '临高县' , '临高县' , 12 , 'Y' , '2012072401', '2012-07-25', '2012072401', '2012-07-25', 'I');
INSERT INTO T_CITY VALUES ('247', '021' , '白沙黎族自治县' , '白沙黎族自治县' , 13 , 'Y' , '2012072401', '2012-07-25', '2012072401', '2012-07-25', 'I');
INSERT INTO T_CITY VALUES ('248', '021' , '昌江黎族自治县' , '昌江黎族自治县' , 14 , 'Y' , '2012072401', '2012-07-25', '2012072401', '2012-07-25', 'I');
INSERT INTO T_CITY VALUES ('249', '021' , '乐东黎族自治县' , '乐东黎族自治县' , 15 , 'Y' , '2012072401', '2012-07-25', '2012072401', '2012-07-25', 'I');
INSERT INTO T_CITY VALUES ('250', '021' , '陵水黎族自治县' , '陵水黎族自治县' , 16 , 'Y' , '2012072401', '2012-07-25', '2012072401', '2012-07-25', 'I');
INSERT INTO T_CITY VALUES ('251', '021' , '保亭黎族苗族自治县' , '保亭黎族苗族自治县' , 17 , 'Y' , '2012072401', '2012-07-25', '2012072401', '2012-07-25', 'I');
INSERT INTO T_CITY VALUES ('252', '021' , '琼中黎族苗族自治县' , '琼中黎族苗族自治县' , 18 , 'Y' , '2012072401', '2012-07-25', '2012072401', '2012-07-25', 'I');
INSERT INTO T_CITY VALUES ('253', '021' , '西沙群岛' , '西沙群岛' , 19 , 'Y' , '2012072401', '2012-07-25', '2012072401', '2012-07-25', 'I');
INSERT INTO T_CITY VALUES ('254', '021' , '南沙群岛' , '南沙群岛' , 20 , 'Y' , '2012072401', '2012-07-25', '2012072401', '2012-07-25', 'I');
INSERT INTO T_CITY VALUES ('255', '021' , '中沙群岛的岛礁及其海域' , '中沙群岛的岛礁及其海域' , 21 , 'Y' , '2012072401', '2012-07-25', '2012072401', '2012-07-25', 'I');

INSERT INTO T_CITY VALUES ('256', '022' , '重庆市' , '重庆市' , 1 , 'Y' , '2012072401', '2012-07-25', '2012072401', '2012-07-25', 'I');

INSERT INTO T_CITY VALUES ('257', '023' , '成都市' , '成都市' , 1 , 'Y' , '2012072401', '2012-07-25', '2012072401', '2012-07-25', 'I');
INSERT INTO T_CITY VALUES ('258', '023' , '自贡市' , '自贡市' , 2 , 'Y' , '2012072401', '2012-07-25', '2012072401', '2012-07-25', 'I');
INSERT INTO T_CITY VALUES ('259', '023' , '攀枝花市' , '攀枝花市' , 3 , 'Y' , '2012072401', '2012-07-25', '2012072401', '2012-07-25', 'I');
INSERT INTO T_CITY VALUES ('260', '023' , '泸州市' , '泸州市' , 4 , 'Y' , '2012072401', '2012-07-25', '2012072401', '2012-07-25', 'I');
INSERT INTO T_CITY VALUES ('261', '023' , '德阳市' , '德阳市' , 5 , 'Y' , '2012072401', '2012-07-25', '2012072401', '2012-07-25', 'I');
INSERT INTO T_CITY VALUES ('262', '023' , '绵阳市' , '绵阳市' , 6 , 'Y' , '2012072401', '2012-07-25', '2012072401', '2012-07-25', 'I');
INSERT INTO T_CITY VALUES ('263', '023' , '广元市' , '广元市' , 7 , 'Y' , '2012072401', '2012-07-25', '2012072401', '2012-07-25', 'I');
INSERT INTO T_CITY VALUES ('264', '023' , '遂宁市' , '遂宁市' , 8 , 'Y' , '2012072401', '2012-07-25', '2012072401', '2012-07-25', 'I');
INSERT INTO T_CITY VALUES ('265', '023' , '内江市' , '内江市' , 9 , 'Y' , '2012072401', '2012-07-25', '2012072401', '2012-07-25', 'I');
INSERT INTO T_CITY VALUES ('266', '023' , '乐山市' , '乐山市' , 10 , 'Y' , '2012072401', '2012-07-25', '2012072401', '2012-07-25', 'I');
INSERT INTO T_CITY VALUES ('267', '023' , '南充市' , '南充市' , 11 , 'Y' , '2012072401', '2012-07-25', '2012072401', '2012-07-25', 'I');
INSERT INTO T_CITY VALUES ('268', '023' , '眉山市' , '眉山市' , 12 , 'Y' , '2012072401', '2012-07-25', '2012072401', '2012-07-25', 'I');
INSERT INTO T_CITY VALUES ('269', '023' , '宜宾市' , '宜宾市' , 13 , 'Y' , '2012072401', '2012-07-25', '2012072401', '2012-07-25', 'I');
INSERT INTO T_CITY VALUES ('270', '023' , '广安市' , '广安市' , 14 , 'Y' , '2012072401', '2012-07-25', '2012072401', '2012-07-25', 'I');
INSERT INTO T_CITY VALUES ('271', '023' , '达州市' , '达州市' , 15 , 'Y' , '2012072401', '2012-07-25', '2012072401', '2012-07-25', 'I');
INSERT INTO T_CITY VALUES ('272', '023' , '雅安市' , '雅安市' , 16 , 'Y' , '2012072401', '2012-07-25', '2012072401', '2012-07-25', 'I');
INSERT INTO T_CITY VALUES ('273', '023' , '巴中市' , '巴中市' , 17 , 'Y' , '2012072401', '2012-07-25', '2012072401', '2012-07-25', 'I');
INSERT INTO T_CITY VALUES ('274', '023' , '资阳市' , '资阳市' , 18 , 'Y' , '2012072401', '2012-07-25', '2012072401', '2012-07-25', 'I');
INSERT INTO T_CITY VALUES ('275', '023' , '阿坝藏族羌族自治州' , '阿坝藏族羌族自治州' , 19 , 'Y' , '2012072401', '2012-07-25', '2012072401', '2012-07-25', 'I');
INSERT INTO T_CITY VALUES ('276', '023' , '甘孜藏族自治州' , '甘孜藏族自治州' , 20 , 'Y' , '2012072401', '2012-07-25', '2012072401', '2012-07-25', 'I');
INSERT INTO T_CITY VALUES ('277', '023' , '凉山彝族自治州' , '凉山彝族自治州' , 21 , 'Y' , '2012072401', '2012-07-25', '2012072401', '2012-07-25', 'I');

INSERT INTO T_CITY VALUES ('278', '024' , '贵阳市' , '贵阳市' , 1 , 'Y' , '2012072401', '2012-07-25', '2012072401', '2012-07-25', 'I');
INSERT INTO T_CITY VALUES ('279', '024' , '六盘水市' , '六盘水市' , 2 , 'Y' , '2012072401', '2012-07-25', '2012072401', '2012-07-25', 'I');
INSERT INTO T_CITY VALUES ('280', '024' , '遵义市' , '遵义市' , 3 , 'Y' , '2012072401', '2012-07-25', '2012072401', '2012-07-25', 'I');
INSERT INTO T_CITY VALUES ('281', '024' , '安顺市' , '安顺市' , 4 , 'Y' , '2012072401', '2012-07-25', '2012072401', '2012-07-25', 'I');
INSERT INTO T_CITY VALUES ('282', '024' , '铜仁地区' , '铜仁地区' , 5 , 'Y' , '2012072401', '2012-07-25', '2012072401', '2012-07-25', 'I');
INSERT INTO T_CITY VALUES ('283', '024' , '黔西南布依族苗族自治州' , '黔西南布依族苗族自治州' , 6 , 'Y' , '2012072401', '2012-07-25', '2012072401', '2012-07-25', 'I');
INSERT INTO T_CITY VALUES ('284', '024' , '毕节地区' , '毕节地区' , 7 , 'Y' , '2012072401', '2012-07-25', '2012072401', '2012-07-25', 'I');
INSERT INTO T_CITY VALUES ('285', '024' , '黔东南苗族侗族自治州' , '黔东南苗族侗族自治州' , 8 , 'Y' , '2012072401', '2012-07-25', '2012072401', '2012-07-25', 'I');
INSERT INTO T_CITY VALUES ('286', '024' , '黔南布依族苗族自治州' , '黔南布依族苗族自治州' , 9 , 'Y' , '2012072401', '2012-07-25', '2012072401', '2012-07-25', 'I');

INSERT INTO T_CITY VALUES ('287', '025' , '昆明市' , '昆明市' , 1 , 'Y' , '2012072401', '2012-07-25', '2012072401', '2012-07-25', 'I');
INSERT INTO T_CITY VALUES ('288', '025' , '曲靖市' , '曲靖市' , 2 , 'Y' , '2012072401', '2012-07-25', '2012072401', '2012-07-25', 'I');
INSERT INTO T_CITY VALUES ('289', '025' , '玉溪市' , '玉溪市' , 3 , 'Y' , '2012072401', '2012-07-25', '2012072401', '2012-07-25', 'I');
INSERT INTO T_CITY VALUES ('290', '025' , '保山市' , '保山市' , 4 , 'Y' , '2012072401', '2012-07-25', '2012072401', '2012-07-25', 'I');
INSERT INTO T_CITY VALUES ('291', '025' , '昭通市' , '昭通市' , 5 , 'Y' , '2012072401', '2012-07-25', '2012072401', '2012-07-25', 'I');
INSERT INTO T_CITY VALUES ('292', '025' , '丽江市' , '丽江市' , 6 , 'Y' , '2012072401', '2012-07-25', '2012072401', '2012-07-25', 'I');
INSERT INTO T_CITY VALUES ('293', '025' , '普洱市' , '普洱市' , 7 , 'Y' , '2012072401', '2012-07-25', '2012072401', '2012-07-25', 'I');
INSERT INTO T_CITY VALUES ('294', '025' , '临沧市' , '临沧市' , 8 , 'Y' , '2012072401', '2012-07-25', '2012072401', '2012-07-25', 'I');
INSERT INTO T_CITY VALUES ('295', '025' , '楚雄彝族自治州' , '楚雄彝族自治州' , 9 , 'Y' , '2012072401', '2012-07-25', '2012072401', '2012-07-25', 'I');
INSERT INTO T_CITY VALUES ('296', '025' , '红河哈尼族彝族自治州' , '红河哈尼族彝族自治州' , 10 , 'Y' , '2012072401', '2012-07-25', '2012072401', '2012-07-25', 'I');
INSERT INTO T_CITY VALUES ('297', '025' , '文山壮族苗族自治州' , '文山壮族苗族自治州' , 11 , 'Y' , '2012072401', '2012-07-25', '2012072401', '2012-07-25', 'I');
INSERT INTO T_CITY VALUES ('298', '025' , '西双版纳傣族自治州' , '西双版纳傣族自治州' , 12 , 'Y' , '2012072401', '2012-07-25', '2012072401', '2012-07-25', 'I');
INSERT INTO T_CITY VALUES ('299', '025' , '大理白族自治州' , '大理白族自治州' , 13 , 'Y' , '2012072401', '2012-07-25', '2012072401', '2012-07-25', 'I');
INSERT INTO T_CITY VALUES ('300', '025' , '德宏傣族景颇族自治州' , '德宏傣族景颇族自治州' , 14 , 'Y' , '2012072401', '2012-07-25', '2012072401', '2012-07-25', 'I');
INSERT INTO T_CITY VALUES ('301', '025' , '怒江傈傈族自治州' , '怒江傈傈族自治州' , 15 , 'Y' , '2012072401', '2012-07-25', '2012072401', '2012-07-25', 'I');
INSERT INTO T_CITY VALUES ('302', '025' , '迪庆藏族自治州' , '迪庆藏族自治州' , 16 , 'Y' , '2012072401', '2012-07-25', '2012072401', '2012-07-25', 'I');

INSERT INTO T_CITY VALUES ('303', '026' , '拉萨市' , '拉萨市' , 1 , 'Y' , '2012072401', '2012-07-25', '2012072401', '2012-07-25', 'I');
INSERT INTO T_CITY VALUES ('304', '026' , '昌都地区' , '昌都地区' , 2 , 'Y' , '2012072401', '2012-07-25', '2012072401', '2012-07-25', 'I');
INSERT INTO T_CITY VALUES ('305', '026' , '山南地区' , '山南地区' , 3 , 'Y' , '2012072401', '2012-07-25', '2012072401', '2012-07-25', 'I');
INSERT INTO T_CITY VALUES ('306', '026' , '日喀则地区' , '日喀则地区' , 4 , 'Y' , '2012072401', '2012-07-25', '2012072401', '2012-07-25', 'I');
INSERT INTO T_CITY VALUES ('307', '026' , '那曲地区' , '那曲地区' , 5 , 'Y' , '2012072401', '2012-07-25', '2012072401', '2012-07-25', 'I');
INSERT INTO T_CITY VALUES ('308', '026' , '阿里地区' , '阿里地区' , 6 , 'Y' , '2012072401', '2012-07-25', '2012072401', '2012-07-25', 'I');
INSERT INTO T_CITY VALUES ('309', '026' , '林芝地区' , '林芝地区' , 7 , 'Y' , '2012072401', '2012-07-25', '2012072401', '2012-07-25', 'I');

INSERT INTO T_CITY VALUES ('310', '027' , '西安市' , '西安市' , 1 , 'Y' , '2012072401', '2012-07-25', '2012072401', '2012-07-25', 'I');
INSERT INTO T_CITY VALUES ('311', '027' , '铜川市' , '铜川市' , 2 , 'Y' , '2012072401', '2012-07-25', '2012072401', '2012-07-25', 'I');
INSERT INTO T_CITY VALUES ('312', '027' , '宝鸡市' , '宝鸡市' , 3 , 'Y' , '2012072401', '2012-07-25', '2012072401', '2012-07-25', 'I');
INSERT INTO T_CITY VALUES ('313', '027' , '咸阳市' , '咸阳市' , 4 , 'Y' , '2012072401', '2012-07-25', '2012072401', '2012-07-25', 'I');
INSERT INTO T_CITY VALUES ('314', '027' , '渭南市' , '渭南市' , 5 , 'Y' , '2012072401', '2012-07-25', '2012072401', '2012-07-25', 'I');
INSERT INTO T_CITY VALUES ('315', '027' , '延安市' , '延安市' , 6 , 'Y' , '2012072401', '2012-07-25', '2012072401', '2012-07-25', 'I');
INSERT INTO T_CITY VALUES ('316', '027' , '汉中市' , '汉中市' , 7 , 'Y' , '2012072401', '2012-07-25', '2012072401', '2012-07-25', 'I');
INSERT INTO T_CITY VALUES ('317', '027' , '榆林市' , '榆林市' , 8 , 'Y' , '2012072401', '2012-07-25', '2012072401', '2012-07-25', 'I');
INSERT INTO T_CITY VALUES ('318', '027' , '安康市' , '安康市' , 9 , 'Y' , '2012072401', '2012-07-25', '2012072401', '2012-07-25', 'I');
INSERT INTO T_CITY VALUES ('319', '027' , '商洛市' , '商洛市' , 10 , 'Y' , '2012072401', '2012-07-25', '2012072401', '2012-07-25', 'I');

INSERT INTO T_CITY VALUES ('320', '028' , '兰州市' , '兰州市' , 1 , 'Y' , '2012072401', '2012-07-25', '2012072401', '2012-07-25', 'I');
INSERT INTO T_CITY VALUES ('321', '028' , '嘉峪关市' , '嘉峪关市' , 2 , 'Y' , '2012072401', '2012-07-25', '2012072401', '2012-07-25', 'I');
INSERT INTO T_CITY VALUES ('322', '028' , '金昌市' , '金昌市' , 3 , 'Y' , '2012072401', '2012-07-25', '2012072401', '2012-07-25', 'I');
INSERT INTO T_CITY VALUES ('323', '028' , '白银市' , '白银市' , 4 , 'Y' , '2012072401', '2012-07-25', '2012072401', '2012-07-25', 'I');
INSERT INTO T_CITY VALUES ('324', '028' , '天水市' , '天水市' , 5 , 'Y' , '2012072401', '2012-07-25', '2012072401', '2012-07-25', 'I');
INSERT INTO T_CITY VALUES ('325', '028' , '武威市' , '武威市' , 6 , 'Y' , '2012072401', '2012-07-25', '2012072401', '2012-07-25', 'I');
INSERT INTO T_CITY VALUES ('326', '028' , '张掖市' , '张掖市' , 7 , 'Y' , '2012072401', '2012-07-25', '2012072401', '2012-07-25', 'I');
INSERT INTO T_CITY VALUES ('327', '028' , '平凉市' , '平凉市' , 8 , 'Y' , '2012072401', '2012-07-25', '2012072401', '2012-07-25', 'I');
INSERT INTO T_CITY VALUES ('328', '028' , '酒泉市' , '酒泉市' , 9 , 'Y' , '2012072401', '2012-07-25', '2012072401', '2012-07-25', 'I');
INSERT INTO T_CITY VALUES ('329', '028' , '庆阳市' , '庆阳市' , 10 , 'Y' , '2012072401', '2012-07-25', '2012072401', '2012-07-25', 'I');
INSERT INTO T_CITY VALUES ('330', '028' , '定西市' , '定西市' , 11 , 'Y' , '2012072401', '2012-07-25', '2012072401', '2012-07-25', 'I');
INSERT INTO T_CITY VALUES ('331', '028' , '陇南市' , '陇南市' , 12 , 'Y' , '2012072401', '2012-07-25', '2012072401', '2012-07-25', 'I');
INSERT INTO T_CITY VALUES ('332', '028' , '临夏回族自治州' , '临夏回族自治州' , 13 , 'Y' , '2012072401', '2012-07-25', '2012072401', '2012-07-25', 'I');
INSERT INTO T_CITY VALUES ('333', '028' , '甘南藏族自治州' , '甘南藏族自治州' , 14 , 'Y' , '2012072401', '2012-07-25', '2012072401', '2012-07-25', 'I');

INSERT INTO T_CITY VALUES ('334', '029' , '西宁市' , '西宁市' , 1 , 'Y' , '2012072401', '2012-07-25', '2012072401', '2012-07-25', 'I');
INSERT INTO T_CITY VALUES ('335', '029' , '海东地区' , '海东地区' , 2 , 'Y' , '2012072401', '2012-07-25', '2012072401', '2012-07-25', 'I');
INSERT INTO T_CITY VALUES ('336', '029' , '海北藏族自治州' , '海北藏族自治州' , 3 , 'Y' , '2012072401', '2012-07-25', '2012072401', '2012-07-25', 'I');
INSERT INTO T_CITY VALUES ('337', '029' , '黄南藏族自治州' , '黄南藏族自治州' , 4 , 'Y' , '2012072401', '2012-07-25', '2012072401', '2012-07-25', 'I');
INSERT INTO T_CITY VALUES ('338', '029' , '海南藏族自治州' , '海南藏族自治州' , 5 , 'Y' , '2012072401', '2012-07-25', '2012072401', '2012-07-25', 'I');
INSERT INTO T_CITY VALUES ('339', '029' , '果洛藏族自治州' , '果洛藏族自治州' , 6 , 'Y' , '2012072401', '2012-07-25', '2012072401', '2012-07-25', 'I');
INSERT INTO T_CITY VALUES ('340', '029' , '玉树藏族自治州' , '玉树藏族自治州' , 7 , 'Y' , '2012072401', '2012-07-25', '2012072401', '2012-07-25', 'I');
INSERT INTO T_CITY VALUES ('341', '029' , '海西蒙古族藏族自治州' , '海西蒙古族藏族自治州' , 8 , 'Y' , '2012072401', '2012-07-25', '2012072401', '2012-07-25', 'I');

INSERT INTO T_CITY VALUES ('342', '030' , '银川市' , '银川市' , 1 , 'Y' , '2012072401', '2012-07-25', '2012072401', '2012-07-25', 'I');
INSERT INTO T_CITY VALUES ('343', '030' , '石嘴山市' , '石嘴山市' , 2 , 'Y' , '2012072401', '2012-07-25', '2012072401', '2012-07-25', 'I');
INSERT INTO T_CITY VALUES ('344', '030' , '吴忠市' , '吴忠市' , 3 , 'Y' , '2012072401', '2012-07-25', '2012072401', '2012-07-25', 'I');
INSERT INTO T_CITY VALUES ('345', '030' , '固原市' , '固原市' , 4 , 'Y' , '2012072401', '2012-07-25', '2012072401', '2012-07-25', 'I');
INSERT INTO T_CITY VALUES ('346', '030' , '中卫市' , '中卫市' , 5 , 'Y' , '2012072401', '2012-07-25', '2012072401', '2012-07-25', 'I');

INSERT INTO T_CITY VALUES ('347', '031' , '乌鲁木齐市' , '乌鲁木齐市' , 1 , 'Y' , '2012072401', '2012-07-25', '2012072401', '2012-07-25', 'I');
INSERT INTO T_CITY VALUES ('348', '031' , '克拉玛依市' , '克拉玛依市' , 2 , 'Y' , '2012072401', '2012-07-25', '2012072401', '2012-07-25', 'I');
INSERT INTO T_CITY VALUES ('349', '031' , '吐鲁番地区' , '吐鲁番地区' , 3 , 'Y' , '2012072401', '2012-07-25', '2012072401', '2012-07-25', 'I');
INSERT INTO T_CITY VALUES ('350', '031' , '哈密地区' , '哈密地区' , 4 , 'Y' , '2012072401', '2012-07-25', '2012072401', '2012-07-25', 'I');
INSERT INTO T_CITY VALUES ('351', '031' , '昌吉回族自治州' , '昌吉回族自治州' , 5 , 'Y' , '2012072401', '2012-07-25', '2012072401', '2012-07-25', 'I');
INSERT INTO T_CITY VALUES ('352', '031' , '博尔塔拉蒙古自治州' , '博尔塔拉蒙古自治州' , 6 , 'Y' , '2012072401', '2012-07-25', '2012072401', '2012-07-25', 'I');
INSERT INTO T_CITY VALUES ('353', '031' , '巴音郭楞蒙古族自治州' , '巴音郭楞蒙古族自治州' , 7 , 'Y' , '2012072401', '2012-07-25', '2012072401', '2012-07-25', 'I');
INSERT INTO T_CITY VALUES ('354', '031' , '阿克苏地区' , '阿克苏地区' , 8 , 'Y' , '2012072401', '2012-07-25', '2012072401', '2012-07-25', 'I');
INSERT INTO T_CITY VALUES ('355', '031' , '克孜勒苏柯尔克孜自治州' , '克孜勒苏柯尔克孜自治州' , 9 , 'Y' , '2012072401', '2012-07-25', '2012072401', '2012-07-25', 'I');
INSERT INTO T_CITY VALUES ('356', '031' , '喀什地区' , '喀什地区' , 10 , 'Y' , '2012072401', '2012-07-25', '2012072401', '2012-07-25', 'I');
INSERT INTO T_CITY VALUES ('357', '031' , '和田地区' , '和田地区' , 11 , 'Y' , '2012072401', '2012-07-25', '2012072401', '2012-07-25', 'I');
INSERT INTO T_CITY VALUES ('358', '031' , '伊犁哈萨克自治州' , '伊犁哈萨克自治州' , 12 , 'Y' , '2012072401', '2012-07-25', '2012072401', '2012-07-25', 'I');
INSERT INTO T_CITY VALUES ('359', '031' , '塔城地区' , '塔城地区' , 13 , 'Y' , '2012072401', '2012-07-25', '2012072401', '2012-07-25', 'I');
INSERT INTO T_CITY VALUES ('360', '031' , '阿勒泰地区' , '阿勒泰地区' , 14 , 'Y' , '2012072401', '2012-07-25', '2012072401', '2012-07-25', 'I');
INSERT INTO T_CITY VALUES ('361', '031' , '石河子市' , '石河子市' , 15 , 'Y' , '2012072401', '2012-07-25', '2012072401', '2012-07-25', 'I');
INSERT INTO T_CITY VALUES ('362', '031' , '阿拉尔市' , '阿拉尔市' , 16 , 'Y' , '2012072401', '2012-07-25', '2012072401', '2012-07-25', 'I');
INSERT INTO T_CITY VALUES ('363', '031' , '图木舒克市' , '图木舒克市' , 17 , 'Y' , '2012072401', '2012-07-25', '2012072401', '2012-07-25', 'I');
INSERT INTO T_CITY VALUES ('364', '031' , '五家渠市' , '五家渠市' , 18 , 'Y' , '2012072401', '2012-07-25', '2012072401', '2012-07-25', 'I');

INSERT INTO T_CITY VALUES ('365', '032' , '台北市' , '台北市' , 1 , 'Y' , '2012072401', '2012-07-25', '2012072401', '2012-07-25', 'I');
INSERT INTO T_CITY VALUES ('366', '032' , '高雄市' , '高雄市' , 2 , 'Y' , '2012072401', '2012-07-25', '2012072401', '2012-07-25', 'I');
INSERT INTO T_CITY VALUES ('367', '032' , '台南市' , '台南市' , 3 , 'Y' , '2012072401', '2012-07-25', '2012072401', '2012-07-25', 'I');
INSERT INTO T_CITY VALUES ('368', '032' , '台中市' , '台中市' , 4 , 'Y' , '2012072401', '2012-07-25', '2012072401', '2012-07-25', 'I');
INSERT INTO T_CITY VALUES ('369', '032' , '金门县' , '金门县' , 5 , 'Y' , '2012072401', '2012-07-25', '2012072401', '2012-07-25', 'I');
INSERT INTO T_CITY VALUES ('370', '032' , '南投县' , '南投县' , 6 , 'Y' , '2012072401', '2012-07-25', '2012072401', '2012-07-25', 'I');
INSERT INTO T_CITY VALUES ('371', '032' , '基隆市' , '基隆市' , 7 , 'Y' , '2012072401', '2012-07-25', '2012072401', '2012-07-25', 'I');
INSERT INTO T_CITY VALUES ('372', '032' , '新竹市' , '新竹市' , 8 , 'Y' , '2012072401', '2012-07-25', '2012072401', '2012-07-25', 'I');
INSERT INTO T_CITY VALUES ('373', '032' , '嘉义市' , '嘉义市' , 9 , 'Y' , '2012072401', '2012-07-25', '2012072401', '2012-07-25', 'I');
INSERT INTO T_CITY VALUES ('374', '032' , '新北市' , '新北市' , 10 , 'Y' , '2012072401', '2012-07-25', '2012072401', '2012-07-25', 'I');
INSERT INTO T_CITY VALUES ('375', '032' , '宜兰市' , '宜兰市' , 11 , 'Y' , '2012072401', '2012-07-25', '2012072401', '2012-07-25', 'I');
INSERT INTO T_CITY VALUES ('376', '032' , '新竹县' , '新竹县' , 12 , 'Y' , '2012072401', '2012-07-25', '2012072401', '2012-07-25', 'I');
INSERT INTO T_CITY VALUES ('377', '032' , '桃园县' , '桃园县' , 13 , 'Y' , '2012072401', '2012-07-25', '2012072401', '2012-07-25', 'I');
INSERT INTO T_CITY VALUES ('378', '032' , '苗栗县' , '苗栗县' , 14 , 'Y' , '2012072401', '2012-07-25', '2012072401', '2012-07-25', 'I');
INSERT INTO T_CITY VALUES ('379', '032' , '彰化县' , '彰化县' , 15 , 'Y' , '2012072401', '2012-07-25', '2012072401', '2012-07-25', 'I');
INSERT INTO T_CITY VALUES ('380', '032' , '嘉义县' , '嘉义县' , 16 , 'Y' , '2012072401', '2012-07-25', '2012072401', '2012-07-25', 'I');
INSERT INTO T_CITY VALUES ('381', '032' , '云林县' , '云林县' , 17 , 'Y' , '2012072401', '2012-07-25', '2012072401', '2012-07-25', 'I');
INSERT INTO T_CITY VALUES ('382', '032' , '屏东县' , '屏东县' , 18 , 'Y' , '2012072401', '2012-07-25', '2012072401', '2012-07-25', 'I');
INSERT INTO T_CITY VALUES ('383', '032' , '台东县' , '台东县' , 19 , 'Y' , '2012072401', '2012-07-25', '2012072401', '2012-07-25', 'I');
INSERT INTO T_CITY VALUES ('384', '032' , '花莲县' , '花莲县' , 20 , 'Y' , '2012072401', '2012-07-25', '2012072401', '2012-07-25', 'I');
INSERT INTO T_CITY VALUES ('385', '032' , '澎湖县' , '澎湖县' , 21 , 'Y' , '2012072401', '2012-07-25', '2012072401', '2012-07-25', 'I');

INSERT INTO T_CITY VALUES ('386', '033' , '香港岛' , '香港岛' , 1 , 'Y' , '2012072401', '2012-07-25', '2012072401', '2012-07-25', 'I');
INSERT INTO T_CITY VALUES ('387', '033' , '九龙' , '九龙' , 2 , 'Y' , '2012072401', '2012-07-25', '2012072401', '2012-07-25', 'I');
INSERT INTO T_CITY VALUES ('388', '033' , '新界' , '新界' , 3 , 'Y' , '2012072401', '2012-07-25', '2012072401', '2012-07-25', 'I');

INSERT INTO T_CITY VALUES ('389', '034' , '澳门半岛' , '澳门半岛' , 1 , 'Y' , '2012072401', '2012-07-25', '2012072401', '2012-07-25', 'I');
INSERT INTO T_CITY VALUES ('390', '034' , '离岛' , '离岛' , 2 , 'Y' , '2012072401', '2012-07-25', '2012072401', '2012-07-25', 'I');

INSERT INTO T_CITY VALUES ('391', '035' , '海外' , '海外' , 1 , 'Y' , '2012072401', '2012-07-25', '2012072401', '2012-07-25', 'I');

INSERT INTO T_CD_TBL_LST
VALUES ('00022' , '省级表' ,'Code table for Province' , 'T_PRVC' , 'Y' , '2012072401', '2012-07-25', '2012072401', '2012-07-25', 'I');
INSERT INTO T_CD_TBL_LST
VALUES ('00023' , '地级市表' ,'Code table for City' , 'T_CITY' , 'Y' , '2012072401', '2012-07-25', '2012072401', '2012-07-25', 'I');